sequence,stability,activity
MKTFFVAVLGLCLLSQAS,0.62,0.41
MKTFFVAVLGLCLLSQAT,0.61,0.43
MKTFFVAVLGLCLLSQTS,0.58,0.39
MKTFFVAILGLCLLSQAS,0.64,0.46
MKTFFVAVLGLCILSQQS,0.60,0.44
MKTYFVAVLGLCLLSQAS,0.67,0.49
MKTFFIAVLGLCLLSQAS,0.59,0.42
MKTFFVAVLGFCLLSQAS,0.63,0.48
MKTFFVAVLGLCLMSQAS,0.57,0.40
MKTFFVAVLGLCLLSRAS,0.55,0.38
MKTFFVAVLGLCLLSQGS,0.56,0.37
MKTFFVAVLGLCLLSQVS,0.60,0.45
MKTFFVAVLGLCLLSQCS,0.65,0.47
MKTFFVAVLGLCLLSQAH,0.53,0.35
MKTFFVAVLGLCLLTQAS,0.62,0.46
MKTFFVALVGLCLLSQAS,0.61,0.43
MKTFFVAVLGLCLLSQPS,0.58,0.41
MKTFFVAVLGLCLLSQAK,0.54,0.36
MKTFFVAVLGLCLLSQAN,0.56,0.39
MKTFFVAVLGLCLLSQAM,0.59,0.44
